{
  "base": {
    "num_params": 124439808,
    "num_trainable_params": 124439808,
    "model_size_mb": 474.7,
    "avg_toxicity_score": 0.5296649814452188,
    "prob_toxicity": 0.5421184320266889,
    "perplexity": 16.7456,
    "total_generation_time_s": 270.79,
    "avg_generation_time_s": 0.2258,
    "tokens_per_second": 221.3,
    "peak_inference_memory_mb": 986.7,
    "num_samples": 1199
  },
  "sft": {
    "num_params": 124439808,
    "num_trainable_params": 124439808,
    "model_size_mb": 237.4,
    "avg_toxicity_score": 0.6172511243141777,
    "prob_toxicity": 0.6321934945788157,
    "perplexity": 8.7977,
    "total_generation_time_s": 43.72,
    "avg_generation_time_s": 0.0365,
    "tokens_per_second": 1336.4,
    "peak_inference_memory_mb": 329.5,
    "num_samples": 1199
  },
  "dpo": {
    "num_params": 124439808,
    "num_trainable_params": 124439808,
    "model_size_mb": 237.4,
    "avg_toxicity_score": 0.31143830050891996,
    "prob_toxicity": 0.30692243536280234,
    "perplexity": 10.7643,
    "total_generation_time_s": 45.71,
    "avg_generation_time_s": 0.0381,
    "tokens_per_second": 1310.1,
    "peak_inference_memory_mb": 328.9,
    "num_samples": 1199
  },
  "orpo": {
    "num_params": 124439808,
    "num_trainable_params": 124439808,
    "model_size_mb": 237.4,
    "avg_toxicity_score": 0.4357244049906156,
    "prob_toxicity": 0.4370308590492077,
    "perplexity": 13.4493,
    "total_generation_time_s": 10.79,
    "avg_generation_time_s": 0.009,
    "tokens_per_second": 5555.2,
    "peak_inference_memory_mb": 330.2,
    "num_samples": 1199
  }
}